step,q_j1,q_j7,flow_ew,flow_ns,ambulance_active,co2_j1,co2_j7,cars_j1,cars_j7,tot_car,tot_amb,tot_bus,tot_ped,tot_truck,tot_triggers
0,1,1,0,0,0,1521.0,1521.0,1,1,2,0,0,0,0,0
10,2,0,0,1,1,11828.37179766969,3457.0,4,2,5,1,1,0,1,0
20,5,3,0,0,1,80148.93201747128,17612.466035554895,7,5,11,1,1,0,3,1
30,8,5,0,0,0,210755.52516136286,89261.890341413,9,7,12,1,3,1,4,1
40,9,6,0,0,0,361556.96156639373,194319.72051454528,9,10,16,1,3,1,5,1
50,1,11,0,0,0,448494.7821879245,347696.0685372178,11,12,20,1,3,1,6,1
60,1,5,1,0,0,460456.8923377606,520633.9599796329,14,13,21,1,5,1,7,1
70,0,1,1,2,0,472081.8923377606,533520.4298008287,18,17,25,1,9,1,8,1
80,0,1,1,1,0,477057.5777963604,535041.4298008287,20,18,29,1,10,2,8,1
90,2,1,4,1,1,488631.9110236191,538498.4298008287,22,20,33,2,10,2,9,3
100,4,3,2,0,1,534912.288942585,557202.6723569386,23,24,41,2,10,2,9,3
110,5,6,0,0,0,601172.9190500728,627361.8202873312,23,24,42,2,10,2,9,3
120,5,7,0,0,0,677222.5293285759,724291.4154505563,23,25,44,2,10,3,9,3
130,0,7,0,0,0,739583.5293285759,827089.7979923167,23,26,46,2,10,4,9,3
140,0,0,1,1,0,747336.5293285759,891408.9833781047,27,27,49,2,11,5,10,3
150,0,0,0,2,0,754629.0307183631,899188.2411122586,30,28,53,2,13,5,10,3
160,1,0,0,1,0,756150.0307183631,906941.2411122586,31,32,57,2,15,5,11,3
170,0,0,0,2,0,759192.0307183631,917865.0464045141,33,38,64,2,16,6,11,3
180,1,0,3,0,0,772870.0208608531,919801.0464045141,35,39,67,2,16,7,14,3
190,3,1,2,0,0,817679.3108815459,931413.8904439656,38,40,72,2,16,8,15,3
200,7,2,1,0,0,894145.3797852037,954642.4637637754,40,40,74,2,16,8,15,3
210,8,2,0,0,0,1018299.6610520849,997658.4637065267,40,42,75,2,17,8,17,3
220,2,5,1,0,0,1133806.314466563,1082841.1832693163,43,45,83,2,17,8,17,3
230,0,0,1,1,0,1140436.8686357983,1141340.0030548282,43,46,85,2,17,9,17,3
240,0,0,0,0,0,1141957.8686357983,1141340.0030548282,44,46,86,2,17,9,17,3
250,0,0,0,0,0,1146253.8686357983,1145636.0030548282,46,48,89,2,19,9,17,3
260,0,0,0,1,0,1147774.8686357983,1151453.0030548282,47,51,92,2,20,9,17,3
270,1,1,1,1,0,1152292.7676204853,1155749.0030548282,49,53,97,2,22,9,17,3
280,2,3,1,0,0,1178086.2478295236,1171086.3079817484,49,56,101,2,23,9,17,3
290,2,5,0,0,0,1211548.2478295236,1250950.1272672918,51,57,105,2,23,11,17,3
300,5,9,0,0,0,1273347.9054517788,1362187.4901685528,55,62,113,2,24,12,17,3
310,1,11,0,0,0,1362817.1596567312,1540921.634943918,57,62,116,2,24,12,17,3
320,2,0,2,3,0,1375963.494972892,1662439.477591212,59,64,119,2,26,13,19,3
330,0,1,1,0,0,1379005.494972892,1682637.4034770273,60,64,120,2,26,15,19,3
340,0,1,0,0,0,1380941.494972892,1694805.4968559875,61,66,122,2,26,16,20,3
350,0,1,0,1,0,1383983.494972892,1704948.1308084307,63,69,128,2,26,16,20,3
360,2,0,1,0,0,1402064.6889764096,1709371.6804006486,65,69,132,2,26,16,20,3
370,4,0,3,0,0,1465668.0520253684,1709371.6804006486,67,69,134,2,27,16,20,3
380,6,0,0,0,0,1553796.7444434538,1715188.6804006486,68,72,136,2,28,17,21,3
390,7,3,0,0,0,1662196.1754957817,1747848.4484291717,70,72,136,2,31,18,21,3
400,3,4,0,0,0,1803701.429295244,1811718.6414495148,70,74,139,2,31,19,21,3
410,0,0,2,2,0,1821249.9777854476,1858701.1075097632,72,77,143,2,33,19,22,3
420,0,0,0,0,0,1825960.9777854476,1858701.1075097632,74,77,143,2,35,20,23,3
430,0,0,0,0,0,1829002.9777854476,1861743.1075097632,76,79,147,2,36,20,23,3
440,0,0,0,0,0,1830523.9777854476,1866039.1075097632,77,81,149,2,37,20,24,3
450,1,0,1,1,0,1836438.5121669045,1870602.1075097632,78,84,153,2,37,20,25,3
460,2,3,3,0,0,1869710.5867878387,1894606.009101578,80,87,158,2,37,20,25,3
470,5,5,0,0,0,1928102.5031281752,1949264.8348468319,82,87,161,2,37,20,25,3
480,7,5,0,0,0,2009180.4602104004,2025304.1536726786,84,87,163,2,37,20,25,3
490,1,5,0,0,0,2113980.7388737667,2105650.1536726784,85,89,165,2,38,20,25,3
500,0,0,1,1,0,2116955.6375295576,2152723.3991323444,86,90,168,2,39,20,25,3
510,0,1,1,1,1,2116955.6375295576,2162202.933139318,86,93,171,3,39,21,25,3
520,0,0,1,0,0,2121518.6375295576,2169540.933139318,89,97,179,3,41,21,25,3
530,0,0,0,0,0,2123454.6375295576,2171061.933139318,90,98,182,3,41,21,26,3
540,0,0,3,0,0,2123454.6375295576,2172582.933139318,90,99,184,3,41,21,26,3
550,1,1,0,0,0,2127759.4509537867,2179831.970586777,92,101,189,3,42,21,26,3
560,2,3,1,0,0,2154700.1002497845,2237994.4842046276,93,105,193,3,44,21,27,3
570,4,8,0,0,0,2204760.303100252,2348466.465973477,95,108,199,3,44,21,27,3
580,0,10,0,0,0,2270895.853366459,2491745.906041804,98,109,203,3,45,21,27,3
590,0,0,2,3,0,2270895.853366459,2596519.279322515,98,110,203,3,45,21,28,3
600,0,1,1,0,0,2272416.853366459,2604951.0114406385,99,113,208,3,45,21,28,3
610,0,0,1,1,0,2273937.853366459,2610537.9061486134,100,115,212,3,46,21,28,3
620,0,0,0,0,0,2278915.853366459,2610537.9061486134,103,115,216,3,46,22,29,3
630,0,1,4,0,0,2281690.853366459,2615175.6602104334,104,117,218,3,48,22,29,3
640,1,2,0,0,0,2312091.346623093,2657907.635331934,106,118,222,3,48,22,29,3
650,4,4,0,0,0,2360231.471382791,2715033.311810435,108,122,227,3,50,23,30,3
660,5,7,0,0,0,2454200.69674926,2839786.5370017393,109,124,230,3,51,23,30,3
670,3,10,0,0,0,2565824.3270644797,3005287.628685509,112,125,233,3,53,23,30,3
680,1,0,0,2,0,2591411.226775343,3120086.1131901755,114,126,235,3,54,23,30,3
690,0,0,1,3,0,2592932.226775343,3125903.1131901755,115,129,240,3,56,23,30,3
700,0,0,1,0,0,2598749.226775343,3130466.1131901755,118,132,246,3,57,23,30,3
710,0,2,2,0,1,2603727.226775343,3138640.723915428,121,133,248,4,58,24,31,4
720,2,2,1,0,1,2621206.4915741957,3157066.8219074905,123,134,253,4,59,24,31,5
730,4,4,1,0,0,2674276.6884136046,3220877.7156915693,125,139,259,4,60,25,32,5
740,7,8,0,0,0,2755323.5508400924,3337386.120950365,128,139,263,4,60,25,33,5
750,10,5,0,0,0,2896119.3213411095,3481274.6265170733,130,140,267,4,62,25,33,5
760,1,1,1,1,0,3021166.826093944,3491981.2115929164,131,143,270,4,63,26,33,5
770,3,1,2,0,0,3067078.954662526,3494756.2115929164,132,144,272,4,65,28,33,5
780,0,1,2,0,0,3087301.5774319903,3501827.2115929164,133,147,277,4,67,30,33,5
790,0,0,1,1,0,3087301.5774319903,3507644.2115929164,133,150,279,4,68,33,33,5
800,0,1,3,0,0,3094372.5774319903,3524565.1807750366,136,153,282,4,71,33,34,5
810,3,4,3,0,0,3132132.2781251874,3584999.6901337053,137,154,288,4,71,35,35,5
820,4,5,1,0,0,3222175.5771968947,3684013.6443282203,137,154,290,4,71,35,35,5
830,4,5,0,0,0,3317223.5771968947,3789293.6443282203,140,154,293,4,71,36,36,5
840,7,1,1,0,0,3449962.310640991,3885566.6443282203,141,154,296,4,71,36,36,5
850,1,0,0,1,0,3555512.6559075518,3885566.6443282203,143,154,301,4,71,36,36,5
860,3,0,0,0,0,3579306.7618278046,3887087.6443282203,148,155,306,4,73,36,37,5
870,2,0,0,0,0,3617473.3204374965,3893319.6443282203,152,158,310,4,75,36,39,5
880,2,1,0,1,0,3653710.3204374965,3899403.6443282203,155,162,317,4,77,37,39,5
890,0,2,3,0,0,3656752.3204374965,3916837.6060773274,157,164,322,4,77,38,39,5
900,1,5,2,0,0,3665666.6403521746,3964871.878179172,157,166,325,4,79,38,40,5
910,1,6,0,0,0,3684333.6403521746,4052988.7796841175,159,167,329,4,79,38,41,5
920,3,8,1,0,0,3715312.8959697024,4176200.774767191,159,168,331,4,79,38,41,5
930,3,4,0,0,0,3769388.895361223,4307109.489892072,161,169,333,4,82,39,41,5
940,0,0,1,1,0,3813757.248349501,4314447.489892072,162,172,336,4,83,39,41,5
950,0,0,1,0,0,3815693.248349501,4316383.489892072,163,173,336,4,83,39,43,5
960,0,0,2,0,0,3819989.248349501,4321361.489892072,165,176,341,4,85,41,44,5
970,0,0,1,0,0,3821510.248349501,4321361.489892072,166,176,343,4,85,41,44,5
980,0,1,1,0,0,3821510.248349501,4324818.489892072,166,178,345,4,85,41,45,5
990,0,3,2,0,0,3821510.248349501,4349994.860798844,166,181,348,4,86,42,45,5
1000,0,5,0,0,0,3821510.248349501,4421157.769344408,166,181,348,4,86,43,46,5
1010,2,5,0,0,0,3827560.127207413,4519443.474168401,168,183,351,4,89,45,46,5
1020,3,5,0,0,0,3863892.2701467634,4654005.470629887,170,187,357,4,89,45,47,5
1030,0,0,1,2,0,3904517.3651093077,4662597.470629887,172,190,364,4,91,45,47,5
1040,0,0,0,0,0,3908813.3651093077,4664118.470629887,174,191,367,4,93,46,47,5
1050,0,1,0,0,0,3908813.3651093077,4668414.470629887,174,193,369,4,95,46,47,5
1060,0,0,0,0,0,3913109.3651093077,4677006.470629887,176,197,373,4,98,46,47,5
1070,0,1,1,0,0,3914630.3651093077,4684364.520883028,177,197,375,4,98,46,47,5
1080,2,2,3,0,0,3931348.517342138,4714402.412229689,179,198,377,4,100,46,47,5
1090,4,4,1,0,0,3989151.388767644,4766678.058451828,181,202,381,4,102,47,47,5
1100,5,7,0,0,0,4082358.5177430967,4875533.6667349795,181,203,383,4,102,47,48,5
1110,5,4,0,0,0,4183487.19399388,5013660.560673434,181,203,384,4,102,48,48,5
1120,1,0,1,2,0,4260375.885414381,5019477.560673434,183,203,385,4,103,48,48,5
1130,0,0,2,0,0,4264938.885414381,5019477.560673434,185,203,387,4,103,49,48,5
1140,0,0,0,0,0,4272009.885414381,5019477.560673434,188,203,388,4,105,49,48,5
1150,0,0,1,0,0,4275051.885414381,5022252.560673434,190,204,390,4,106,49,48,5
1160,0,0,1,0,0,4276572.885414381,5022252.560673434,191,204,392,4,107,49,48,5
1170,2,1,1,0,0,4286898.512151543,5028264.964679295,196,207,401,4,108,49,48,5
1180,5,4,1,0,0,4344215.969435242,5059559.425963342,198,208,404,4,110,49,48,5
1190,8,4,0,0,0,4470434.8647422595,5132865.196949134,200,208,405,4,112,49,48,5
1200,9,3,0,0,0,4636280.648819496,5210374.766950932,200,212,411,4,112,49,48,5
1210,0,2,0,3,0,4755395.648819496,5231730.011899048,201,215,417,4,112,49,49,5
1220,2,1,2,1,1,4794160.8413388105,5244123.023364346,205,218,423,5,114,50,50,6
1230,1,2,0,0,1,4835743.2920096805,5273979.390646536,206,220,426,5,114,50,50,6
1240,2,4,1,0,1,4859699.836199526,5330883.545332156,207,221,429,5,114,50,50,7
1250,4,5,0,0,0,4925687.783792975,5414228.1594341155,211,224,435,5,115,50,52,7
1260,7,9,1,1,0,5036709.231134439,5558055.379687484,213,228,441,5,117,51,52,7
1270,11,3,1,2,0,5212413.796658285,5617222.154633193,215,230,447,5,117,51,52,7
1280,5,4,0,1,0,5378695.796658285,5663543.379555333,215,233,449,5,118,51,52,7
1290,5,3,1,0,0,5425403.207673475,5740000.605732205,216,234,453,5,118,51,52,7
1300,0,1,1,1,0,5444158.344196784,5758526.209688261,217,237,457,5,121,51,52,7
1310,0,3,0,0,0,5448454.344196784,5776228.010721684,219,239,460,5,124,51,52,7
1320,0,4,3,0,0,5459821.344196784,5857265.542517573,224,241,465,5,127,51,52,7
1330,5,7,3,0,0,5487923.20583842,5965810.102601327,226,242,467,5,128,51,53,7
1340,6,7,1,0,0,5580746.694303598,6101510.007662662,228,242,469,5,129,52,54,7
1350,7,7,0,0,0,5702034.809925522,6237210.007662662,230,242,471,5,129,52,56,7
1360,10,0,1,0,0,5864029.381293461,6274039.007662662,232,242,473,5,130,54,57,7
1370,4,0,1,0,0,6042709.461286777,6274039.007662662,232,242,474,5,131,55,57,7
1380,0,0,2,0,0,6051568.461286777,6282631.007662662,236,246,483,5,133,55,57,7
1390,0,1,1,0,0,6054553.757939322,6297436.0192672135,237,247,485,5,133,55,57,7
1400,0,1,0,0,0,6054553.757939322,6321334.49984317,237,249,486,5,134,56,58,7
1410,0,4,0,0,0,6060370.757939322,6388659.8105491,240,250,488,5,136,56,58,7
1420,3,4,2,0,0,6084169.480164159,6491205.607474236,242,250,489,5,138,57,58,7
1430,8,5,0,0,0,6170668.06878448,6608226.545166866,247,252,494,5,140,57,59,7
1440,12,6,0,0,0,6331221.228509142,6750574.144414457,250,252,499,5,140,57,59,7
1450,13,1,0,2,0,6567135.696898824,6794349.741180409,250,254,501,5,141,57,60,7
1460,5,0,0,0,0,6783367.39491353,6809431.636909867,250,258,506,5,142,58,60,7
1470,5,1,0,1,0,6836421.420188614,6819535.636909867,253,261,508,5,145,58,61,7
1480,4,0,1,0,0,6881452.682254311,6822992.636909867,255,262,511,5,145,58,61,7
1490,1,0,0,0,0,6922726.331766589,6827555.636909867,256,265,517,5,145,58,61,7
1500,0,5,2,0,0,6928543.331766589,6876678.916951487,258,268,520,5,147,59,61,7
1510,1,6,3,0,0,6940129.24887217,6974163.016653227,258,269,521,5,148,59,61,7
1520,1,9,3,0,0,6958381.24887217,7092719.978295344,260,271,529,5,148,60,61,7
1530,5,11,1,0,0,7010251.064935177,7253149.365090942,263,274,535,5,150,60,61,7
1540,6,2,1,1,0,7103202.179076063,7326031.989559088,266,276,541,5,152,60,61,7
1550,2,0,0,2,0,7227889.533257296,7372379.054162124,266,277,542,5,153,60,61,7
1560,5,0,0,1,0,7277107.966170352,7377090.054162124,268,279,543,5,156,60,63,7
1570,0,0,0,2,0,7298847.818626597,7381653.054162124,270,282,549,5,156,60,64,7
1580,0,1,0,0,0,7325511.560444428,7386216.054162124,273,285,555,5,157,60,64,7
1590,0,3,1,0,0,7327032.560444428,7410028.6244218815,274,286,558,5,157,60,64,7
1600,1,4,4,0,0,7337204.837520694,7472245.323012405,275,288,561,5,158,60,64,7
1610,2,6,1,0,0,7377153.793039206,7550677.340846283,277,289,561,5,161,61,65,7
1620,4,9,0,0,0,7458194.935343144,7670398.871641534,278,291,565,5,164,63,65,7
1630,5,0,1,3,0,7571680.644678609,7711351.442845326,279,291,566,5,164,63,65,7
1640,0,0,0,0,0,7685672.352053499,7718689.442845326,280,295,570,5,166,63,66,7
1650,1,0,0,1,0,7688714.352053499,7723252.442845326,282,298,577,5,167,63,66,7
1660,1,0,0,0,0,7702235.055629232,7726294.442845326,284,300,582,5,167,63,66,7
1670,0,1,1,0,0,7714136.055629232,7733561.731237246,285,303,584,5,169,63,66,7
1680,1,4,0,0,0,7719686.055629232,7776092.659189864,287,306,589,5,171,64,66,7
1690,2,7,2,0,0,7749468.194278196,7869428.079486502,287,308,592,5,171,64,66,7
1700,2,9,0,0,0,7804966.1403531,8008126.969199177,287,311,594,5,171,64,67,7
1710,3,11,0,0,0,7863328.409089962,8186586.857680402,288,312,596,5,172,64,67,7
1720,3,3,1,0,0,7934029.00207265,8259071.08445882,288,316,603,5,172,64,68,7
1730,0,1,0,2,0,7995308.00207265,8279952.082183279,289,317,604,5,173,64,69,7
1740,1,0,3,1,0,8008196.00207265,8284930.082183279,294,319,608,5,176,64,70,7
1750,4,0,0,0,0,8027953.967244689,8286451.082183279,298,320,616,5,176,64,70,7
1760,0,0,0,0,0,8049217.176778024,8286451.082183279,300,320,620,5,177,65,70,7
1770,0,2,2,0,0,8055789.04584231,8293499.223572578,302,323,624,5,178,65,70,7
1780,5,3,4,0,0,8083922.613033261,8320011.539573469,306,325,630,5,179,66,71,7
1790,7,6,2,0,0,8165711.756749593,8400693.92397022,307,326,631,5,180,66,71,7
1800,8,7,0,0,0,8309226.92951617,8509474.20340456,308,327,634,5,181,66,71,7
1810,11,0,0,2,0,8476556.284894267,8545497.433826283,312,327,639,5,182,66,71,7
1820,6,0,0,0,0,8677076.31023364,8545497.433826283,313,327,640,5,183,66,71,7
1830,1,0,1,0,0,8691280.568927977,8547018.433826283,316,328,642,5,186,67,71,7
1840,1,0,1,1,0,8697097.568927977,8548539.433826283,319,329,647,5,189,67,71,7
1850,0,0,0,0,0,8700139.568927977,8552835.433826283,321,331,652,5,190,67,71,7
1860,1,4,0,0,0,8706223.568927977,8582232.260774625,325,333,658,5,190,67,71,7
1870,4,1,2,0,1,8728528.320489267,8642287.409841802,326,334,661,6,190,67,72,8
1880,4,1,1,1,0,8777379.578393182,8653921.409841802,326,340,665,6,192,67,72,8
1890,5,0,2,1,0,8842726.551404651,8655857.409841802,328,341,667,6,192,67,73,8
1900,6,0,0,0,0,8931085.407469776,8660153.409841802,330,343,669,6,193,68,74,8
1910,5,0,1,0,0,9048590.285201944,8663195.409841802,332,345,678,6,193,69,74,8
1920,0,2,3,0,0,9056190.20918641,8683716.404100506,333,346,680,6,193,69,74,8
1930,0,3,2,0,0,9057711.20918641,8719975.661619568,334,346,682,6,193,69,74,8
1940,0,4,0,0,0,9059232.20918641,8776906.307133323,335,349,684,6,196,69,74,8
1950,0,7,0,0,0,9064782.20918641,8861912.837788772,337,353,687,6,199,69,76,8
1960,2,4,3,0,0,9075025.118887834,9009422.751971452,341,355,694,6,200,69,77,8
1970,5,4,0,1,1,9156846.817100378,9066524.632588053,341,355,694,7,200,69,77,9
1980,5,6,0,0,1,9263647.817067718,9126232.549248964,342,357,697,7,201,69,77,9
1990,6,5,1,0,0,9381018.919767458,9218904.755767057,343,357,699,7,201,70,77,9
2000,1,6,0,0,0,9497749.492174964,9324156.45623439,346,358,702,7,202,71,78,9
2010,1,8,0,0,0,9503461.403844351,9444120.611883959,347,360,704,7,203,73,80,9
2020,1,5,0,2,0,9520590.344758358,9528856.162861496,348,361,706,7,203,73,81,9
2030,0,5,0,1,0,9528610.344758358,9612513.162861496,349,363,707,7,203,73,83,9
2040,0,5,0,1,0,9533173.344758358,9695755.162861496,352,365,713,7,203,74,83,9
2050,1,1,2,0,0,9540681.592123477,9718819.151763126,352,367,715,7,205,74,83,9
2060,2,1,0,0,0,9560187.592123477,9732979.829359354,354,370,721,7,206,75,84,9
2070,4,6,5,0,0,9602276.501639793,9817947.110429058,355,372,725,7,206,76,84,9
2080,5,6,0,0,0,9678670.12137067,9919700.77694754,357,374,731,7,206,77,84,9
2090,1,9,0,0,0,9755101.825083058,10053507.268111378,358,375,733,7,207,77,84,9
2100,2,9,0,0,0,9765339.337283172,10208594.461205097,361,376,738,7,208,77,84,9
2110,0,4,0,1,0,9780546.73841085,10292075.096733443,363,379,746,7,208,77,85,9
2120,0,0,1,0,0,9784842.73841085,10347802.97652516,365,381,751,7,209,77,85,9
2130,0,0,1,0,0,9791913.73841085,10368638.066170095,368,387,759,7,212,77,85,9
2140,2,0,4,1,0,9806353.563653255,10374722.066170095,370,391,764,7,213,77,86,9
2150,4,2,2,0,0,9855002.130069228,10383523.745341545,372,395,771,7,214,78,86,9
2160,5,4,2,0,0,9950517.838538157,10425689.61918315,373,395,771,7,215,78,86,9
2170,6,5,0,0,0,10077121.018014098,10506538.10154571,373,397,773,7,215,78,86,9
2180,1,6,0,0,0,10195179.018014098,10611032.530130748,375,399,776,7,215,78,87,9
2190,1,9,0,0,0,10208421.982949086,10730868.881548628,377,400,779,7,217,78,87,9
2200,0,1,3,3,0,10212984.982949086,10774167.878096795,378,403,784,7,217,78,88,9
2210,0,0,1,1,0,10217962.982949086,10779984.878096795,381,406,789,7,218,78,89,9
2220,0,0,0,0,0,10217962.982949086,10785801.878096795,381,409,791,7,219,79,89,9
2230,0,0,2,1,0,10219483.982949086,10788843.878096795,382,411,795,7,220,79,89,9
2240,1,0,0,0,0,10228527.765347963,10788843.878096795,383,411,797,7,220,79,89,9
2250,3,1,4,0,0,10254727.701576483,10793074.981085895,385,413,802,7,220,80,90,9
2260,6,3,1,0,0,10305950.652506977,10820326.122274844,388,414,806,7,223,80,90,9
2270,1,3,0,0,0,10412237.560476322,10867889.95447008,389,415,809,7,223,80,91,9
2280,0,0,0,1,1,10420672.560476322,10878964.95447008,394,416,812,8,223,80,93,10
2290,1,0,0,0,0,10428974.954586796,10882006.95447008,398,418,816,8,224,81,94,10
2300,0,1,0,0,0,10433537.954586796,10885048.95447008,401,420,821,8,224,81,94,10
2310,0,0,2,0,0,10436579.954586796,10886569.95447008,403,421,824,8,224,81,94,10
2320,2,0,3,0,0,10454150.98484031,10890865.95447008,404,423,828,8,225,81,94,10
2330,3,2,3,0,0,10498923.276570883,10925349.849363085,405,423,830,8,225,81,94,10
2340,4,2,0,0,0,10559335.981520519,10972872.849363085,406,426,836,8,226,81,94,10
2350,5,6,0,0,0,10642082.8275573,11049548.052054126,407,428,837,8,228,82,96,10
2360,2,9,0,0,0,10739672.497650882,11179755.712037154,411,431,843,8,229,83,97,10
2370,1,0,1,3,0,10750838.611168455,11229227.813006429,412,432,847,8,230,83,97,10
2380,0,0,1,0,0,10760794.611112578,11230748.813006429,416,433,852,8,230,84,98,10
2390,1,0,0,0,0,10763836.611112578,11233790.813006429,418,435,857,8,230,85,98,10
2400,2,0,0,0,0,10770335.611112578,11235726.813006429,422,436,862,8,230,86,100,10
2410,3,1,2,0,0,10782646.125098288,11241727.677104874,423,438,866,8,230,86,100,10
2420,6,3,2,0,0,10860701.83818519,11270298.308357328,427,439,871,8,231,86,101,10
2430,8,3,0,0,1,10994047.374222353,11318697.934964493,428,440,873,9,233,86,101,10
2440,10,4,1,0,1,11166839.531488651,11373681.99843112,430,441,876,9,234,86,101,10
2450,4,5,0,0,0,11359864.082044808,11462109.5906551,431,441,878,9,235,86,101,10
2460,4,1,0,1,0,11418662.711764177,11490611.6288832,433,443,882,9,235,87,102,10
2470,3,0,1,1,0,11454732.710964216,11495172.349658502,437,445,885,9,238,87,104,10
2480,1,0,2,0,0,11480305.868900828,11498214.349658502,441,447,892,9,240,88,105,10
2490,1,0,0,0,0,11504237.85421423,11508742.349658502,443,452,895,9,243,88,107,10
2500,3,2,2,0,0,11556064.254559161,11516310.193160936,446,454,900,9,244,88,107,10
2510,8,4,0,0,0,11675830.287648741,11577912.43421377,449,455,902,9,247,88,107,10
2520,9,7,0,0,0,11843235.686906036,11676073.307295693,449,458,903,9,249,88,107,10
2530,9,8,0,0,0,12017745.690127822,11823664.558993084,449,459,905,9,249,88,107,10
2540,2,9,0,0,0,12170508.771691615,12010189.195263695,449,459,907,9,250,88,108,10
2550,0,1,1,1,0,12178261.771691615,12072460.309938367,453,462,914,9,252,88,110,10
2560,0,0,3,0,0,12179782.771691615,12077023.309938367,453,465,917,9,252,88,110,10
2570,0,0,0,0,0,12182557.771691615,12077023.309938367,454,465,920,9,253,89,110,10
2580,0,0,0,0,0,12185599.771691615,12080065.309938367,456,467,925,9,253,89,110,10
2590,0,1,2,0,0,12187120.771691615,12092770.99695715,457,471,930,9,254,89,111,10
2600,2,5,5,0,0,12201914.613507776,12155638.421369383,461,473,939,9,256,91,111,10
2610,7,7,0,0,0,12270139.146041365,12272305.797053093,463,475,940,9,258,92,112,10
2620,7,10,0,0,0,12396528.957858223,12434763.573054094,465,476,943,9,260,92,112,10
2630,3,12,0,0,0,12549249.443115413,12628972.113677181,468,478,949,9,260,92,113,10
2640,0,2,1,4,0,12556113.685332447,12707231.598181007,470,480,955,9,261,92,113,10
2650,0,0,1,3,0,12557634.685332447,12717580.473606713,471,483,960,9,261,93,114,10
2660,0,0,0,1,0,12560676.685332447,12722558.473606713,473,486,966,9,261,94,115,10
2670,0,0,0,0,0,12562197.685332447,12729414.759749873,474,490,970,9,262,95,116,10
2680,1,0,2,0,0,12568139.374705464,12730935.759749873,474,491,972,9,262,95,116,10
2690,2,2,2,0,0,12588053.082568314,12741236.17824701,476,493,974,9,264,96,117,10
2700,3,3,1,0,0,12622047.317444073,12787287.432182174,479,493,975,9,266,97,117,10
2710,7,3,0,0,0,12737121.789692618,12845456.685174026,480,493,976,9,268,98,117,10
2720,1,3,0,0,0,12855194.89180688,12906668.685174026,481,495,980,9,269,98,117,10
2730,0,0,1,1,0,12872855.482565455,12925816.128687361,485,497,986,9,271,98,117,10
2740,1,0,0,0,0,12881447.482565455,12927337.128687361,489,498,989,9,273,98,117,10
2750,1,0,1,0,0,12911353.315722376,12928858.128687361,492,499,994,9,274,98,117,10
2760,2,0,2,1,1,12939001.450605791,12933421.128687361,494,502,1000,10,274,99,117,11
2770,7,0,1,0,1,13013432.668772763,12934942.128687361,499,503,1005,10,276,99,117,12
2780,10,1,1,0,1,13145923.082622964,12945398.619343154,502,504,1009,10,276,99,118,12
2790,15,2,0,1,1,13383249.859104836,12968211.481533846,505,505,1012,10,277,100,119,12
2800,3,4,3,0,1,13621252.016910985,13015894.462069988,505,507,1016,10,277,101,119,12
2810,4,0,0,0,0,13653517.632577566,13070557.50397937,510,507,1022,10,277,101,119,12
2820,0,0,0,1,0,13691951.911936076,13074014.50397937,514,509,1027,10,277,101,121,12
2830,0,0,0,0,0,13696514.911936076,13075535.50397937,517,510,1031,10,277,102,121,12
2840,0,0,1,0,0,13696514.911936076,13078577.50397937,517,512,1033,10,277,103,121,12
2850,0,0,1,0,0,13699289.911936076,13078577.50397937,518,512,1034,10,278,103,121,12
2860,1,2,3,0,0,13720861.499921437,13086342.878763054,522,516,1041,10,279,103,123,12
2870,5,3,0,0,0,13812721.637314366,13130967.450442487,523,517,1044,10,279,103,124,12
2880,6,6,0,0,0,13927056.82013609,13213961.421484897,523,519,1046,10,280,104,125,12
2890,0,7,0,0,0,14023300.82013609,13322896.023652589,526,519,1053,10,281,104,125,12
2900,0,0,0,0,0,14024821.82013609,13428762.023652589,527,520,1056,10,282,104,127,12
2910,0,1,1,1,0,14027596.82013609,13432219.023652589,528,522,1057,10,284,104,128,12
2920,0,0,1,0,0,14034934.82013609,13432219.023652589,532,522,1061,10,285,106,128,12
2930,0,0,0,1,0,14034934.82013609,13438036.023652589,532,525,1063,10,286,107,129,12
2940,0,2,2,1,0,14036455.82013609,13448149.023652589,533,530,1069,10,288,107,129,12
2950,2,4,3,0,0,14052603.425193327,13472845.273005215,537,532,1078,10,289,109,130,12
2960,7,6,5,0,0,14102340.605502341,13562006.09642302,541,535,1082,10,292,110,132,12
2970,9,9,0,0,0,14228664.419362884,13716800.270814033,542,537,1085,10,292,110,133,12
2980,1,11,2,0,0,14372826.626348812,13900549.507688748,543,538,1089,10,292,111,133,12
2990,1,3,2,0,0,14396896.896106677,14080858.08969811,546,539,1093,10,293,111,133,12
3000,0,1,2,1,0,14401192.896106677,14108865.254906278,548,542,1095,10,296,112,133,12
3010,0,2,0,2,0,14402713.896106677,14128289.813973648,549,546,1101,10,296,112,133,12
3020,0,0,1,0,0,14404649.896106677,14141176.758700404,550,550,1105,10,299,112,134,12
3030,2,1,2,0,0,14421915.029545529,14148514.758700404,555,554,1115,10,300,112,134,12
3040,7,2,3,0,0,14505503.414505774,14168720.769450389,558,556,1122,10,300,112,134,12
3050,9,5,2,0,0,14619762.892000673,14250539.272796186,558,558,1126,10,300,113,134,12
3060,9,8,1,0,0,14760800.995613294,14370095.986011166,558,562,1129,10,301,113,134,12
3070,10,11,0,0,1,14909086.62230961,14558970.36297228,560,562,1131,11,303,113,134,13
3080,12,3,1,0,1,15092267.470346604,14729346.36297228,561,562,1133,11,304,114,134,13
3090,13,1,2,2,0,15294339.435683073,14742344.36297228,562,569,1141,11,304,114,136,13
3100,13,1,0,0,0,15508725.782781854,14750062.585906602,562,572,1146,11,304,115,137,13
3110,13,1,2,0,1,15723145.782781854,14756566.433793409,562,575,1149,12,305,115,137,13
3120,1,0,0,0,0,15772168.833688691,14758087.433793409,566,576,1153,12,307,115,138,13
3130,0,1,0,0,0,15789302.493320761,14768252.998788893,570,578,1158,12,308,116,139,13
3140,1,3,2,0,0,15807964.811322302,14804164.976387696,576,579,1164,12,313,116,139,13
3150,0,5,2,0,0,15814048.811322302,14866643.209698,580,583,1172,12,314,117,141,13
3160,3,9,2,0,0,15827077.602340715,14982231.688477226,585,586,1182,12,314,117,141,13
3170,8,4,1,0,0,15906080.632249601,15119441.982994346,587,587,1187,12,315,118,141,13
3180,8,0,0,1,0,16041791.840691686,15122482.62828879,588,588,1189,12,315,118,141,13
3190,9,0,0,1,0,16186366.177991388,15127045.62828879,588,591,1193,12,315,118,141,13
3200,9,0,1,0,0,16335796.177991388,15129820.62828879,588,592,1195,12,316,118,141,13
3210,1,1,1,0,0,16357543.177991388,15134383.62828879,590,595,1199,12,318,118,141,13
3220,1,3,2,0,0,16367389.177991388,15159405.74287417,594,598,1204,12,322,119,141,13
3230,0,8,1,0,0,16376271.735036375,15247952.610260958,598,601,1211,12,323,119,143,13
3240,0,9,0,0,0,16383876.735036375,15369403.01561106,603,601,1217,12,323,121,144,13
3250,3,9,2,0,0,16411091.484003102,15506291.472978517,608,601,1221,12,323,121,145,13
3260,8,2,1,0,0,16523703.3531965,15632784.910188816,609,603,1221,12,327,121,146,13
3270,10,0,0,1,0,16677517.33262315,15643094.707230242,610,604,1223,12,330,121,146,13
3280,10,0,0,1,0,16846307.33262315,15655729.510358289,610,607,1226,12,330,121,146,13
3290,10,0,1,0,0,17016618.33262315,15659186.510358289,611,609,1229,12,330,121,147,13
3300,3,0,1,0,0,17051189.156560414,15663482.510358289,613,611,1233,12,332,121,147,13
3310,0,1,3,0,0,17065691.860785477,15668611.571035793,615,611,1235,12,334,121,148,13
3320,0,2,5,0,0,17070254.860785477,15702156.601899672,618,614,1240,12,337,121,148,13
3330,0,6,0,0,0,17076071.860785477,15780018.805136135,621,618,1245,12,340,121,148,13
3340,1,8,2,0,0,17089803.190794628,15915255.085898299,623,618,1247,12,341,122,148,13
3350,3,1,1,0,0,17146212.32820378,16067021.233701503,624,620,1252,12,343,123,148,13
3360,4,1,0,2,0,17219499.04865444,16088493.354937157,627,623,1258,12,344,123,148,13
3370,8,2,2,2,0,17332794.320116304,16102216.084573071,629,625,1261,12,347,123,149,13
3380,9,0,1,0,0,17476426.713457763,16103737.084573071,630,626,1266,12,347,123,149,13
3390,1,0,1,0,0,17495937.710990008,16105258.084573071,632,627,1269,12,347,123,149,13
3400,1,1,3,0,0,17498979.710990008,16111329.972836575,634,629,1274,12,347,124,149,13
3410,0,2,2,0,0,17502021.710990008,16142878.336271064,636,631,1279,12,348,124,149,13
3420,0,5,0,0,0,17503542.710990008,16202549.95778011,637,632,1284,12,348,124,149,13
3430,0,5,1,0,0,17505063.710990008,16291139.348442668,638,632,1287,12,348,124,150,13
3440,3,0,0,0,0,17528122.69006987,16370757.50127044,643,633,1292,12,350,124,151,13
3450,6,0,2,0,0,17622450.603336535,16372278.50127044,644,634,1294,12,351,124,151,13
3460,8,0,0,0,0,17744360.701212607,16373799.50127044,646,635,1297,12,351,124,151,13
3470,9,0,0,0,0,17910370.92162939,16373799.50127044,646,635,1298,12,351,124,151,13
3480,1,0,2,0,0,17939675.582432523,16375320.50127044,649,636,1300,12,354,126,151,13
3490,4,1,3,0,0,17996142.827961694,16392116.98154563,654,639,1308,12,355,126,152,13
3500,0,5,0,0,0,18035755.827961694,16451565.112171492,656,644,1315,12,357,126,154,13
3510,2,9,1,0,0,18063223.89602553,16592299.47637957,658,645,1316,12,360,127,154,13
3520,2,11,2,0,0,18099589.420001213,16793100.023339614,659,646,1319,12,362,128,154,13
3530,4,3,1,0,0,18166441.478479266,16982231.04036161,660,646,1320,12,363,128,155,13
3540,5,1,2,1,0,18272400.162620157,17000356.870479167,663,649,1327,12,364,129,156,13
3550,9,1,1,2,0,18406661.753184635,17013860.855728008,665,654,1331,12,367,129,158,13
3560,9,1,0,0,0,18578643.078957923,17023072.956322264,666,657,1334,12,368,129,159,13
3570,1,0,0,1,0,18605760.398040473,17024593.956322264,668,658,1336,12,369,129,159,13
3580,1,1,2,0,0,18615871.14957535,17040985.403637264,672,661,1342,12,370,129,159,13
3590,1,5,2,0,0,18617807.14957535,17091941.4924937,673,663,1343,12,370,129,161,13
